OBJECTID,LAT_DD,LON_DD,MaxArea_ha
1541,12.98538814,79.90378821,3.901525356
1543,12.97009606,79.92068073,316.8598494
1548,12.98421862,79.90214323,1.230236339
1552,12.98648664,79.91127572,0.255414779
1553,12.98657295,79.91411326,0.222278351
1554,12.98568858,79.92829823,0.251442957
1555,12.98571535,79.98294707,0.156307787
1557,12.98483007,79.97947469,0.351542584
1559,12.98688546,79.96077064,28.88797391
1563,12.99469815,79.89663658,0.450387587
1564,12.99906591,79.9723643,87.65834984
1567,12.99810667,79.98946582,0.314847361
1568,12.99795285,79.94313521,0.709159295
1570,12.99660092,79.991077,1.27930956
1572,12.99673885,79.93683878,0.691514333
1573,12.99456362,79.96527729,4.520024107
1574,12.95730603,79.91245959,3.298706114
1579,12.99674134,79.95377723,0.637080487
1580,12.99765223,79.95849655,4.75983616
1581,12.99610424,79.98972609,0.192128035
1582,12.99647246,79.9350849,1.113628813
1583,12.99452921,79.96681731,0.614524788
1585,12.99672925,79.93901284,33.95935776
1586,12.99441402,79.99270444,0.50963386
1587,12.99466962,79.99005796,0.181144384
1590,12.99393368,79.89158798,1.350988808
1591,12.9950426,79.93498818,0.282498161
1594,12.99396322,79.99197254,0.31202877
1596,12.99345649,79.9925618,0.221518006
1597,12.99001313,79.96693203,19.75622487
1598,12.99228038,79.89851575,0.672719181
1600,12.99247236,79.96597026,0.356891206
1613,12.9439082,79.88995464,0.744345158
1615,12.94268291,79.91063768,0.813849581
1616,12.9930354,79.95029404,11.07766718
1617,12.99308516,79.98992342,0.596875036
1620,12.9907327,79.96434069,0.155461397
1630,12.99562949,79.90437488,18.10096483
1638,12.99014543,79.99525296,0.552226833
1639,12.98939404,79.93019131,0.340742743
1640,12.98820127,79.99913853,37.0493775
1641,12.98638561,79.98019166,0.257689841
1644,12.98805925,79.93604543,0.216319008
1647,12.95777976,79.90024746,30.4575339
1649,12.99243148,79.92513198,2.378111975
1654,12.98747403,79.98265733,0.235698861
1655,12.9885847,79.89840798,0.186344661
1657,12.98483749,79.97463719,0.296597765
1673,12.98400159,79.98366513,0.24097013
1674,12.98384156,79.93376046,0.512759694
1684,12.98424796,79.91327907,0.225479338
1685,12.98342529,79.95029533,11.05265487
1693,12.83822064,79.98785916,0.873389736
1697,12.98181953,79.98184464,6.939902162
1698,12.98046022,79.98209383,0.993645106
1700,12.97947534,79.96931608,56.77296922
1712,12.97944907,79.99748042,0.23713605
1713,12.97918126,79.97810703,12.16246925
1714,12.97652024,79.91428239,4.000058899
1715,12.97797474,79.96062648,0.421169475
1716,12.97840381,79.93898347,0.330969305
1717,12.97796598,79.98794851,0.284753971
1718,12.97760212,79.98245816,0.181812261
1719,12.97771618,79.95908428,0.56632994
1720,12.97665544,79.91194018,0.428290849
1724,12.92963738,79.89890151,0.669646842
1725,12.95460351,79.93530251,1.578680344
1729,12.93140138,79.90212644,0.456002322
1730,12.97994163,79.99669879,2.907660053
1747,12.97388147,79.90973409,10.93310943
1750,12.97221253,79.98784143,0.628373222
1757,12.91652449,79.95653081,0.658868464
1759,12.91383887,79.92219257,2.193294609
1770,12.90721959,79.98641268,1.879071079
1779,12.89507284,79.92943705,2.376804164
1785,12.88866562,79.99205996,1.319165052
1789,12.91736863,79.9310882,0.881071812
1794,12.87603633,79.97290389,1.219234454
1795,12.87193691,79.92465144,13.63202234
1796,12.87495086,79.94087917,0.255910832
1797,12.87120763,79.93770511,0.448589562
1798,12.87202446,79.91661959,9.100813643
1799,12.87401701,79.9406171,0.505388414
1822,12.97121147,79.9666473,0.266517511
1825,12.9705465,79.96729037,4.201942037
1852,12.9677271,79.9515452,1.628259313
1853,12.96805651,79.94648007,1.042382002
1856,12.96093371,79.97884424,76.12659776
1857,12.96971637,79.91520341,0.882144764
1864,12.92386004,79.88218796,1.246504996
1868,12.94503784,79.98033131,0.339621256
1873,12.96734735,79.91131262,0.460973831
1877,12.96560428,79.95176776,1.036520337
1883,12.97173815,79.95137701,0.428703118
1888,12.94265667,79.98559641,0.672784799
1889,12.94164726,79.98904042,0.242349116
1890,12.95097022,79.91806113,1.009693539
1892,12.96364908,79.90350256,0.97190182
1900,12.93769742,79.99175353,0.401286358
1909,12.95832674,79.9457926,0.234018489
1933,12.95558023,79.96922354,0.766425012
1950,12.95690495,79.98715505,0.653293287
1951,12.95700936,79.98488614,0.470406979
1953,12.95628005,79.95107523,0.28243637
1955,12.95543649,79.99202951,0.542408316
1956,12.95604879,79.98435448,1.086034173
1958,12.95565365,79.9883435,0.379939995
1970,12.95137731,79.94893661,9.861661162
1971,12.9547461,79.91270504,2.38511644
1975,12.95559694,79.98587101,0.406615
1977,12.95037392,79.89326491,10.52398455
1984,12.92039977,79.93464329,1.89677151
1992,12.95203304,79.91485486,5.577012134
2008,12.94792158,79.95937559,0.872912489
2009,12.94607756,79.9610919,2.164543663
2010,12.94281956,79.95838787,1.670826965
2013,12.94996743,79.97737468,14.79205517
2017,12.95017635,79.90564588,6.564454859
2024,12.93094384,79.93118874,0.952036506
2027,12.91392268,79.94541097,5.276529165
2028,12.90641476,79.93754211,1.887126437
2034,12.94884118,79.98753472,94.15819558
2035,12.95054303,79.91361674,1.768131044
2052,12.88971988,79.99287644,0.36038539
2053,12.88730927,79.99402835,0.178447534
2055,12.93536285,79.94217037,289.0784748
2072,12.92129816,79.95248716,0.616870142
2075,12.91843443,79.95284037,0.821947619
2099,12.94007234,79.91444578,26.28434261
2112,12.89776541,79.95493742,141.6767779
2153,12.93664031,79.96547306,52.77562678
2159,12.94341317,79.89284795,0.455594831
2160,12.94325697,79.89191324,0.159074071
2161,12.93965303,79.91897536,10.31073162
2162,12.94453712,79.92277003,0.446454349
2164,12.99930527,79.91109438,2.333943916
2174,12.94098486,79.87763073,0.255375057
2177,12.93735009,79.87426729,9.991993043
2178,12.9316403,79.89425873,33.18803399
2180,12.93903457,79.88272304,0.881414185
2181,12.93405489,79.88388012,34.74738456
2184,12.92887702,79.91975156,50.05996157
2200,12.86197869,79.94485574,0.609289067
2215,12.9271573,79.97874397,50.63391403
2219,12.92921118,79.8850857,1.545247681
2223,12.9294591,79.90489519,0.645768344
2231,12.922923,79.92796818,15.47859132
2233,12.92651671,79.90792193,0.189355998
2240,12.92115841,79.89716494,10.60477548
2241,12.92233451,79.96894764,19.54392572
2258,12.9159893,79.91084952,31.87499031
2261,12.92087226,79.96816033,1.064143229
2267,12.920249,79.99705821,0.31963906
2268,12.92011322,79.96319726,0.392435647
2273,12.91950772,79.96536724,0.308985712
2275,12.91907952,79.90432243,3.126819799
2280,12.91804653,79.96896984,0.96705424
2282,12.90204672,79.98209096,46.96289333
2285,12.91755653,79.95140465,0.673204299
2289,12.91567585,79.89237325,0.696767312
2292,12.91572499,79.99826344,0.481168829
2293,12.91533814,79.92599434,7.137465965
2294,12.91735679,79.96368399,3.035235999
2295,12.9149748,79.95121364,16.01317071
2296,12.91321594,79.89704495,21.24693895
2298,12.91619581,79.96901042,0.375943488
2304,12.91598265,79.95933583,1.162685947
2309,12.91388223,79.93946456,6.492412735
2316,12.90867584,79.9492732,12.9048535
2318,12.91078119,79.91861267,6.209232108
2325,12.9056223,79.91027564,18.44455841
2327,12.91121385,79.93129127,11.25141448
2329,12.90856751,79.98586953,0.702538166
2331,12.90729057,79.92672115,4.923925386
2334,12.90463735,79.90329085,6.297273164
2339,12.90648686,79.95895146,0.652707787
2344,12.90206623,79.92093277,55.09641694
2349,12.90166562,79.93933791,29.56411239
2355,12.90343994,79.98393494,0.740704706
2362,12.90204701,79.91308794,0.869263406
2364,12.90166779,79.91025254,0.756103409
2365,12.89515454,79.98890621,28.30154547
2368,12.89765932,79.91421879,9.141792587
2370,12.89971643,79.98121304,0.558559934
2371,12.89850447,79.95068164,0.528502448
2377,12.89765727,79.9800392,1.82534761
2381,12.89720394,79.97785784,3.592740798
2382,12.89813572,79.9740436,0.392221661
2384,12.89577116,79.98161541,0.322712422
2386,12.89351821,79.9685087,0.518049942
2392,12.89177997,79.93484404,11.72945178
2393,12.89111578,79.92154181,6.108764497
2396,12.87154925,79.97751623,0.641809154
2397,12.89098967,79.91520567,1.004466428
2400,12.88645405,79.91791342,7.443792963
2402,12.86161826,79.970203,0.619544854
2411,12.88020504,79.9663099,49.94150391
2417,12.8798539,79.92120124,25.1274911
2420,12.87930317,79.92999835,5.252105851
2425,12.86630316,79.93317633,12.60945899
2427,12.86959125,79.91447866,1.909667266
2429,12.86187018,79.94317919,43.21604582
2430,12.86545486,79.9242934,9.749746468
2431,12.86592724,79.91787121,4.407924926
2433,12.86593857,79.9401706,0.244392923
2436,12.87526972,79.96934416,9.686530267
2444,12.85672458,79.94990408,3.196028406
2449,12.85326395,79.93277117,0.362471973
2546,12.96473413,79.89785409,2.610750949
2704,12.87872023,79.94092066,26.85630421
2705,12.87598016,79.95415989,30.92742284
2706,12.88398335,79.95229142,0.708236696
2711,12.87052219,79.95161881,0.731666916
2712,12.86998214,79.96009004,12.68799376
2714,12.87241193,79.97223653,15.05538577
2715,12.88932665,79.97097433,0.243539412
2717,12.88662837,79.97273264,0.444636456
2718,12.88114469,79.97144744,0.767875132
2719,12.87684981,79.97705072,8.932783729
2720,12.87346614,79.97848394,0.324622965
2721,12.88232069,79.97731012,21.18048897
2722,12.88329095,79.9838245,1.936705918
2725,12.88580672,79.97498894,0.799410193
2726,12.88601804,79.98836469,19.5730513
2729,12.88056177,79.99601729,27.57996265
2730,12.87590318,79.98969279,11.30783105
2732,12.88854993,79.99465742,0.329501692
2733,12.87504059,79.9964779,0.999613278
2734,12.87430336,79.99597603,0.48655436
2735,12.87288535,79.99187748,1.585462852
2736,12.88099317,79.98702235,2.502753912
2737,12.88055263,79.99021546,3.732586633
2738,12.89219474,79.9953993,0.725723111
2741,12.87824735,79.98216404,3.415255391
2742,12.88047158,79.98295912,0.748823927
2743,12.87756833,79.98499787,2.433892414
2971,12.87748486,79.98097138,0.785959183
2972,12.8767687,79.98327328,0.625398594
2973,12.8759059,79.98607278,0.450175871
2974,12.86911706,79.97634968,45.47690201
2975,12.86272165,79.96408987,21.43161871
2976,12.85668738,79.97423972,21.92587474
2977,12.85401648,79.96374475,14.48600675
2978,12.84631865,79.96549289,21.65829312
2979,12.83744775,79.968558,16.19701456
2980,12.84206188,79.97001489,8.325597929
3003,12.84916794,79.97393253,0.580108931
3005,12.83879153,79.96406603,0.158607935
3006,12.83439045,79.97332525,0.435592898
3017,12.8709081,79.98906553,6.745396952
3018,12.87328351,79.98632269,1.356587531
3019,12.86947055,79.98517389,0.886951555
3020,12.86784316,79.98824262,0.421909865
3021,12.86617661,79.98869912,0.514895964
3022,12.8596721,79.99188802,0.286563758
3023,12.85982948,79.99059083,0.335538027
3024,12.86202212,79.98177169,31.93808827
3025,12.85653035,79.98298292,0.650873118
3026,12.85478407,79.99660527,0.574775165
3027,12.80447052,79.9968653,5.599176405
3028,12.82418793,79.99391756,32.20849205
3029,12.84305525,79.99592625,1.392958409
3082,12.79959671,79.99924534,0.350265411
3099,12.83401568,79.99899183,0.853581643
3100,12.83469093,80.00019325,0.992363912
3134,12.82144633,79.99284689,0.852147764
3141,12.82921716,79.98926624,0.158353571
3177,12.84256946,79.97974312,58.28318418
3182,12.83106326,79.99104705,20.14344298
3187,12.83804874,79.98663024,1.464475442
3189,12.83908666,79.98985839,11.02329573
3192,12.83502045,79.98138863,0.600466235
3193,12.82941574,79.98519368,13.97211374
3194,12.83040826,79.9832725,0.434675097
3195,12.82354374,79.98708791,0.516267311
3242,12.84824547,79.97286481,8.305565511
3245,13.06204832,79.99277137,564.8108941
3247,12.99946319,79.99819053,23.90786564
3248,13.00458821,79.9849512,1.516563744
3249,13.00404275,79.98337583,0.541983836
3250,13.00508692,79.98774913,16.70509348
3251,13.00500273,79.97923751,1.402397632
3252,13.01678185,79.97789148,0.653655365
3253,13.01670304,79.96471149,0.75692105
3254,13.00788436,79.96321122,0.4432969
3255,13.00907906,79.96040768,0.747584854
3256,13.00815314,79.95598596,11.54593048
3257,13.01031656,79.95181156,15.72256547
3258,13.01987234,79.95347709,0.873612135
3259,13.02179719,79.95457913,2.179857518
3260,13.03594097,79.99187029,1.561135224
3261,13.03197023,79.96844217,1.770836036
3262,13.04384328,79.96870609,14.43550203
3263,13.04122562,79.97218257,0.752713152
3264,13.03027829,79.95812017,0.690666254
3265,13.03060735,79.95956307,0.51660119
3268,13.00727767,79.99366443,0.870462503
3287,13.02187096,79.9713536,0.28292393
3311,13.05267361,79.97045537,31.86769194
3315,13.01841801,79.94079382,83.38448922
3316,13.02456267,79.92488384,51.39857026
3317,13.00789576,79.94036949,4.71977851
3318,13.01478139,79.89805303,3.230059839
3319,13.02019342,79.90275151,1.503094203
3320,13.02451169,79.90135856,12.07066535
3321,13.01672062,79.90851918,17.57477116
3322,13.03153135,79.96794781,79.29939614
3323,13.04610222,79.97858484,0.778666188
3324,13.02024102,79.97801523,69.04966678
3325,13.01236805,79.99004389,25.22823431
3326,13.01703537,79.9910939,7.395483587
3327,13.01905625,79.98327571,1.47612211
3328,13.03325609,79.99924125,1.373333392
3329,13.03624549,79.99678039,4.545776374
3330,13.03375289,79.9955528,3.776662761
3331,13.0506934,79.98384759,1.010314652
3338,13.00307253,79.94845868,22.23497326
3339,13.0030446,79.9555353,1.104349773
3351,13.01156921,79.94733904,0.733752168
3352,13.0087639,79.94729137,0.70730783
3353,13.0087232,79.94642442,0.481513339
3354,13.01221725,79.94681797,0.326860282
3419,13.00765429,79.94383852,1.370804064
3421,13.02271188,79.96891693,0.84404536
3460,13.03287409,79.90352126,11.99266143
3466,13.00666959,79.94777851,1.158739651
3469,13.03790438,80.00183138,1.089112689
3470,13.03546737,80.00321233,0.17961806
3471,13.03557408,80.00100785,5.220148188
3472,13.02932801,80.00493339,0.494649631
3473,13.0291993,80.00597024,0.723308116
3474,13.02488249,80.00691834,0.546373911
3475,13.02468064,80.00788053,0.176698609
3476,13.0355772,80.00738653,0.399688221
3477,13.0185578,80.00495537,0.597720455
3478,13.01657552,80.00243939,1.354184184
3479,13.01531944,80.00219431,1.215295081
3480,13.01471295,80.00092026,0.151539933
3482,13.01478304,80.00733234,0.155915901
3483,13.01470344,80.00189519,0.1511321
3484,13.016981,79.99875064,2.246945503
3485,13.03228216,80.01779978,0.957528177
3486,13.03380735,80.02544913,0.367061075
3487,13.03150866,80.02820913,0.246052249
3488,13.03056807,80.02451969,5.852558701
3489,13.00156502,80.00740544,4.702929832
3490,13.00911021,80.00970171,0.189473748
3491,13.01198691,80.01257493,0.575097905
3492,13.0101892,80.01511023,0.652811856
3493,13.00900565,80.01502095,0.708560968
3494,13.00209488,80.01667668,22.18191056
3495,13.0180115,80.00864645,0.961737466
3496,13.02490891,80.02209438,0.250042339
3497,13.02518196,80.02451129,0.15079099
3498,13.02125334,80.02689873,0.164595272
3499,13.02263512,80.03961646,0.45306988
3500,13.02139812,80.0383201,0.300858123
3501,13.03270786,80.03567027,0.154783434
3502,13.0317232,80.03691186,0.280052474
3503,13.02438225,80.03892482,2304.034999
3504,13.02974449,80.05859484,0.689986102
3505,13.0036161,80.09100472,0.157992174
3506,13.03944745,80.07815444,0.518559444
3507,13.03009411,80.0845361,0.392936305
3508,13.0304539,80.083386,0.275641349
3509,13.01780892,80.10105714,0.847767266
3510,13.01535255,80.1024714,0.153809029
3511,13.02442225,80.09885878,0.306237609
3512,13.02363998,80.10113413,0.155214635
3513,13.03644199,80.14471454,5.808732286
3516,13.03948059,80.11016661,0.506271923
3520,13.00297249,80.11991792,0.172998773
3521,13.00090674,80.11933783,0.565639817
4749,12.98629972,80.00923515,54.37945343
4750,12.97667293,80.00320255,1.291815015
4751,12.97984932,80.01450397,0.500724766
4752,12.97717891,80.01436478,0.516158917
4753,12.98168084,80.01830649,0.624154465
4754,12.98283345,80.01815907,0.267104606
4755,12.98163275,80.02218245,0.57423954
4756,12.99498217,80.07980975,0.672277755
4757,12.99311173,80.0788312,0.443616195
4758,12.99410325,80.07476841,0.242152345
4759,12.9488001,80.12168268,1.018205968
4763,12.9046916,80.09765783,9.355242976
4764,12.89713862,80.08815281,16.57257343
4765,12.89828506,80.07532517,44.1584573
4766,12.90707666,80.08704549,26.37883068
4767,12.91518968,80.08170323,0.897940311
4768,12.91224491,80.08245943,1.014164884
4769,12.90891275,80.08217938,0.625633588
4770,12.99102897,80.02259679,24.73679807
4771,12.97575022,80.02218278,6.828211333
4772,12.97155088,80.02544308,0.47225017
4773,12.97831312,80.02211713,0.560233374
4774,12.9930454,80.0124074,12.47027938
4775,12.98432636,80.01766935,0.255553091
4777,12.97812092,80.00161542,0.756910304
4778,12.96225753,80.03932402,28.0209593
4779,12.95980432,80.03052199,0.835684814
4780,12.96525296,80.01461707,0.724340836
4781,12.96999695,80.04848191,15.28003725
4782,12.97782442,80.05409862,11.47042906
4783,12.97360091,80.06143775,0.562160736
4784,12.98200338,80.06008955,0.833150959
4785,12.97978813,80.06794512,0.450937423
4786,12.96065863,80.04792162,12.97652963
4787,12.95400492,80.03996634,0.424308993
4788,12.95008118,80.00228659,0.410714178
4789,12.95073895,80.00093923,0.238840991
4790,12.95056329,80.00186625,0.23371537
4791,12.95190139,80.00168191,0.19209598
4792,12.94044703,80.00613111,0.345668664
4793,12.93939619,80.00852895,0.264617388
4794,12.88454669,80.0197332,0.985750478
4795,12.88932427,80.01956315,1.07642555
4796,12.8837146,80.02152257,0.468733623
4797,12.89501614,80.01731635,16.10688059
4799,12.9129882,80.03199944,0.650346506
4800,12.91514467,80.04270701,0.228620669
4801,12.92407179,80.00593525,0.514492335
4802,12.92145978,80.00668738,0.23880216
4809,12.8315193,80.00613396,17.31397254
4857,12.81385834,80.03030993,6.948700678
4861,12.83133716,80.05679888,0.83008372
4864,12.86245382,80.03501804,1.593676831
4865,12.99294665,80.09276783,2.596850573
4868,12.81575247,80.09345947,9.397772401
4872,12.95683282,80.11783313,5.097828612
4875,12.96106462,80.13685189,0.247883975
4877,12.9814396,80.00034592,0.639187368
4878,12.98297724,80.01944212,0.217903235
4879,12.98016403,80.02040884,0.400863985
4880,12.98266619,80.01736183,0.380318562
4881,12.98326203,80.01876366,0.309644959
4882,12.98221289,80.01885489,0.406422691
4883,12.9806964,80.01939345,0.154107637
4884,12.98107489,80.01888475,0.171678182
4886,12.94146678,80.04894325,0.371507033
4889,12.94158363,80.11844494,0.850069701
4892,12.91696654,80.11728771,0.371128756
4904,12.95009435,80.1280211,8.196422227
4906,12.95576527,80.03234056,0.619687383
4916,12.82340848,80.01721781,10.89854657
4917,12.82205785,80.03746048,6.10330632
4918,12.82303274,80.05616199,27.72896421
4920,12.93613292,80.12449818,0.451629223
4948,12.95877515,80.07099169,9.3589191
4949,12.96024709,80.07495709,1.553240119
4965,12.93264894,80.11724978,17.51705549
4966,12.97263566,80.13253774,2.00112806
4967,12.94864367,80.04151385,29.08172249
4968,12.90834886,80.00255457,45.19659626
4969,12.90077545,80.00671888,37.08341745
4994,12.90739598,80.02602617,290.9788781
4997,12.88659623,80.07795332,25.72018063
5008,12.81922767,80.08895393,0.460702102
5009,12.84616667,80.03433073,0.734028322
5010,12.84919743,80.04589772,0.511711108
5022,12.80841672,80.00963405,4.373012126
5050,12.97529324,80.04544081,1.403500352
5057,12.98061056,80.10241364,0.277321562
5059,12.97597568,80.10795754,0.444552941
5068,12.92362971,80.04018159,0.869378781
5072,12.91299417,80.07946439,3.963685106
5084,12.8005127,80.07032745,2.23122193
5091,12.93056352,80.1117784,3.831270321
5092,12.92892178,80.123149,1.930144567
5096,12.92653948,80.10578117,0.750331093
5097,12.91558668,80.08550683,0.610817162
5098,12.9125705,80.08370762,0.768423394
5102,12.99622749,80.09142448,0.324007667
5103,12.86801739,80.07274755,0.838550015
5104,12.86933773,80.0524727,0.156271489
5105,12.869699,80.05195531,0.153409615
5106,12.82320997,80.01348005,6.36502746
5130,12.86635692,80.03655352,5.581706383
5131,12.85831479,80.04619102,131.2225916
5132,12.84209572,80.0041837,69.54000299
5133,12.86414771,79.9978086,51.03666811
5134,12.87720326,80.00176618,1.248951385
5137,12.89545077,80.04439785,0.297507881
5138,12.89637599,80.04585711,0.457191602
5139,12.89127008,80.04125219,7.249954806
5151,12.94336271,80.05934532,16.48788817
5152,12.95246289,80.12181713,56.6157367
5153,12.94480088,80.13182841,7.214857063
5188,12.93118048,80.10424634,9.454439507
5189,12.9294533,80.10918214,4.090686738
5190,12.92371851,80.10975785,11.16482119
5191,12.95129565,80.05492019,43.39983632
5192,12.8828858,80.06740017,3.959117293
5193,12.8498007,80.03786241,15.10301447
5194,12.84628826,80.06063871,0.95000633
5204,12.96971212,79.97115188,180.5678183
5205,12.95371451,80.01849186,117.8245117
5206,12.9245264,79.98965664,70.31207173
5207,12.8900753,79.99921453,3.863388927
5208,12.89098092,80.00827833,3.899572949
5209,12.87975486,80.02249587,87.97044693
5210,12.84111469,80.05773673,27.759761
5211,12.8427457,80.04399476,23.29957228
5212,12.82240209,80.07519777,126.8898524
5213,12.80745586,80.08601753,27.07126412
5214,12.81491214,80.08854668,0.696151582
5215,12.81326665,80.08841929,1.146969183
5216,12.81506669,80.07544903,0.541381258
5217,12.80339185,80.10032401,35.73487726
5226,12.96774901,80.02886057,31.26431731
5228,12.87531101,80.06537349,66.68753058
5229,12.87685669,80.07728813,21.56480507
5238,12.95939389,80.06312403,12.99165252
5241,12.87077903,80.01059647,21.47638965
5307,12.95361913,80.06739846,3.475511099
5362,12.82208983,80.02717171,57.40295947
5363,12.79905852,80.05790263,53.00197218
5364,12.80113647,80.07333303,8.068931232
5365,12.80378219,80.07015824,0.79757449
5366,12.80616778,80.07126662,0.381299471
5373,12.81405598,80.00002392,43.46715853
5374,12.8136947,80.01380052,0.778107775
5391,12.80954213,80.04245839,62.30537063
5394,12.8229789,80.00620259,21.71265481
5395,12.83520895,80.00193982,0.344379992
5396,12.83708194,80.0027537,0.243841473
5397,12.80958011,80.01453622,9.079640625
5399,12.80174618,80.02152098,37.0672704
5407,12.96744914,80.0626405,1.79183265
5463,12.94951446,80.00027261,7.5223816
5464,12.98134468,80.04843679,2.018743784
5465,12.98895176,80.06601909,2.671235098
5466,12.97812082,80.06036125,6.360208369
5467,12.94827814,80.06548011,0.308710376
5468,12.97412211,80.12981019,10.51495635
5469,12.96935416,80.12676372,5.026761102
5470,12.96710571,80.13145721,4.060070162
5480,12.8676213,80.08450531,1.990893902
5481,12.8302864,80.01533358,22.61015483
5542,12.96709283,80.13860482,14.96120965
5543,12.9666817,80.08286825,0.583902286
5547,12.94984955,80.07609897,16.44043606
5549,12.94738584,80.07044661,5.401513674
5553,12.91461196,80.03787432,1.216897152
5599,12.80918997,80.04334724,0.232471554
5600,12.8053254,80.0412492,0.227459432
5601,12.80799309,80.0750201,0.468241022
5603,12.99650453,80.09724644,1.123919031
5604,12.99780934,80.09423431,0.359145034
5636,12.84961859,80.08435635,0.270578772
5637,12.847433,80.08340779,0.287615861
5638,12.84835643,80.08772023,0.157657569
5639,12.84485824,80.09007099,0.257915756
5640,12.83949847,80.09239512,6.573635442
5736,12.80345043,80.03287501,0.910925643
5768,12.96260784,80.11339201,0.97247857
5777,12.88502222,80.08768964,9.676874504
5813,12.96947784,80.01167641,0.511488225
5814,12.96920425,80.02039579,0.370973884
5815,12.96674827,80.01131717,0.353334969
5816,12.96773155,80.01095322,0.280099963
5817,12.96837746,80.01033337,0.265048478
5818,12.96918783,80.00954492,0.342656276
5820,12.97369069,80.01353111,6.281171113
5829,12.94976342,80.10797524,15.2513671
5832,12.95183137,80.03351162,0.287202523
5834,12.95529448,80.03705693,0.717072532
5835,12.95593448,80.02294747,1.123077444
5836,12.9618003,80.01602543,2.902700862
5837,12.91009973,80.07123135,0.346938373
5838,12.90840397,80.07108761,0.761645071
5840,12.90350238,80.08342444,0.28114462
5842,12.88996511,80.08391735,1.433960394
5845,12.88816552,80.06659522,1.042200444
5868,12.80291001,80.00359245,12.95590492
5870,12.94352852,80.01498556,21.53181983
5871,12.94501616,80.01036728,0.807139003
5884,12.79943774,80.00140785,0.159778989
5894,12.91407961,80.03363639,0.823778408
5920,12.93869094,80.05662284,0.525225537
5959,12.99725959,80.1506702,0.29013199
5979,12.79268101,80.03302174,50.12432471
5980,12.79397573,80.04514561,19.81846679
5990,12.82563231,80.03751389,0.206326147
5991,12.82491574,80.03659244,0.316718364
6003,12.83034954,80.04787256,10.60864486
6004,12.84171213,80.0639345,9.676515171
6006,12.84581843,80.07793501,26.06339604
6007,12.85918115,80.07261677,0.37702834
6009,12.84397931,80.08463383,0.957059244
6016,12.84730283,80.02018704,0.158725816
6026,12.90240929,80.04497122,0.426143138
6028,12.8831793,80.02814164,0.664651845
6029,12.88778993,80.02253677,0.900235256
6030,12.88472608,80.0231501,1.972804963
6032,12.88811397,80.0335861,1.190817564
6033,12.94248179,80.05056184,0.534324345
6034,12.94499937,80.05389148,0.792882383
6035,12.94590656,80.04603179,0.643004738
6036,12.9408202,80.04855959,0.38701622
6037,12.97174406,80.03647477,22.16087869
6040,12.93291249,80.06930258,0.290952937
6041,12.93709069,80.06987139,0.875872079
6042,12.9408589,80.07178547,0.54198309
6044,12.91840194,80.11645828,22.79138621
6049,12.90581844,80.113567,0.847882159
6057,12.88199979,80.00772067,41.65750152
6058,12.85161226,80.03385317,17.46753675
6059,12.85105945,80.03026487,6.728781918
6069,12.86805664,80.08753621,10.56528469
6070,12.86659858,80.08006669,0.359914029
6071,12.8564827,80.08545985,15.1042695
7013,13.03550149,80.11228865,35.81805148
7014,13.03384306,80.14302387,20.9505782
7030,12.93492689,79.99581068,1.559019407
8322,13.0411945,80.16410586,0.186917612
8378,13.03035588,80.1500549,53.24499285
8735,12.97522987,79.88061139,3.724523633
8739,12.99476165,79.8847803,3.965303756
8740,12.98294012,79.87701786,1.240073716
8745,12.98648795,79.89592346,0.247438961
8746,12.99023894,79.8814628,2.106675215
8747,12.99797336,79.93315814,0.679226845
8749,12.99019034,79.88708282,2.341113216
8750,12.98412478,79.89325676,39.49007957
8757,12.96650214,79.88844579,0.550376819
8765,12.9742455,79.91015989,0.305517216
8773,13.00491508,79.89331971,16.01443644
8775,12.96211255,79.88236103,11.50464048
8777,12.96020471,79.87279452,3.402987361
8778,12.96022239,79.8766474,1.255324862
8785,12.96449639,79.85794293,5.280015607
8789,12.96055518,79.87760168,0.362575914
8883,13.06010685,79.95735471,4.337329807
8891,13.0660729,79.9588462,0.778240946
8892,13.06166603,79.96664787,1.250773141
8893,13.05983902,79.97249152,0.893018682
8894,13.04935348,79.98311501,0.249345657
8895,13.05221762,79.96109401,2.099409263
8906,13.05506138,79.94465229,61.14005768
8909,13.07987247,79.92900584,32.97172284
8938,13.08862298,79.94267326,2.366239876
9033,13.08584217,80.00285858,0.332765242
9034,13.08502198,80.00430373,0.692732129
9035,13.07986165,80.00392937,0.151608984
9036,13.08292265,80.00691197,1.251474873
9037,13.08509281,80.00587798,0.192899825
9038,13.07993156,80.00349893,1.138514647
9039,13.04939545,80.02793524,0.781740421
9040,13.0598752,80.02500864,0.834782216
9041,13.06242074,80.0233486,0.280303887
9042,13.06211931,80.03017168,0.470608968
9043,13.05842135,80.02964201,0.15173591
9044,13.05791861,80.03282196,0.53425045
9045,13.05586232,80.03226693,0.240354175
9052,13.08526729,80.01576324,6.017765477
9053,13.08166108,80.02005136,0.806520743
9054,13.08040599,80.01718478,0.24267131
9055,13.07934408,80.01919666,0.332002033
9056,13.07741778,80.01859894,0.17405987
9063,13.06487897,80.03888214,0.233529118
9064,13.06155883,80.03854463,0.613162177
9065,13.062778,80.04014793,0.410355533
9066,13.05936795,80.04069304,0.158641827
9067,13.05445028,80.04362251,0.215172392
9068,13.0435496,80.00672408,22.05811184
9069,13.04712012,80.02380163,0.400074917
9070,13.05016307,80.02994737,0.551974302
9071,13.04959311,80.03239401,0.183717953
9072,13.05197735,80.03032499,0.154661065
9074,13.04528877,80.02628845,0.636663865
9075,13.043187,80.02704434,0.346334227
9077,13.00261611,79.91700691,9.75474227
9086,13.00367028,79.92893378,27.0876431
9089,12.99731209,79.86605667,3.816916029
9091,12.99470556,79.86711434,1.206566891
9092,12.99438974,79.8650445,1.558587999
9093,12.99349595,79.87507248,7.724953352
9095,12.9857138,79.8732727,1.869668242
9096,12.99647859,79.85755265,0.382211595
9098,12.99108918,79.86777744,0.285605326
9099,12.98620063,79.86475435,2.219619413
9100,12.98238237,79.86343084,0.694836429
9101,12.98434564,79.87957838,6.867173361
9102,12.97819854,79.88085783,0.551304728
9103,12.97983175,79.87586242,7.158795687
9104,12.97111451,79.8672006,36.85721534
9105,12.97963181,79.86488803,4.379781516
9106,12.97930279,79.86968989,0.933490059
9107,12.97307705,79.90543605,7.611838954
9109,12.96753694,79.89852336,0.349377051
9110,12.95833375,79.87772651,0.320972168
9111,12.95609219,79.87428139,0.253831042
9112,12.95674754,79.88115001,0.171169567
9129,12.97771618,79.89623988,1.323364243
9130,12.97276553,79.88532398,39.2568807
9131,12.96756277,79.88947249,0.322612256
9132,12.96968842,79.8909522,0.389577094
9133,12.96847404,79.89181511,1.100953582
9134,12.968709,79.89043609,0.23681905
9135,12.96930493,79.89434924,0.408908817
9136,12.96625089,79.89497094,0.541247072
9137,12.94853567,79.87964751,18.41236233
9138,12.96294911,79.89201855,3.590272136
9139,12.96275588,79.88932524,1.030945512
9159,12.99406709,79.84851365,15.04050849
9163,12.9825775,79.85453913,29.48535575
9164,12.95056162,79.8588732,0.506601548
9166,12.95719899,79.87544719,0.737742872
9167,12.95713403,79.86225862,32.73232448
9175,12.97938622,79.90594906,0.387720597
9176,12.97916601,79.90436944,0.798849164
9177,12.97673615,79.90282667,0.170446385
9178,12.97778885,79.90359839,0.415505752
9956,13.09290444,79.96693068,4.874244161
10030,13.04944824,79.93923468,1.245507653
10036,13.01155786,79.91793861,7.800387741
10333,13.07172763,79.94583827,1.118649145
10349,13.04300751,79.99120513,4.430625197
10350,13.08180485,79.96505929,21.45290679
10353,13.08337065,79.99381456,45.23929734
10354,13.07782741,79.99425036,1.28310149
10367,13.08927793,79.97939973,7.987560075
10368,13.08768579,79.98322185,1.104418301
10369,13.084872,79.9846387,1.790397472
10392,13.06606238,79.99323243,0.688538681
10393,13.06628165,79.99142197,0.45665216
10407,13.08515881,79.91028132,1.935222605
10415,13.0915512,79.92082197,2.647941675
10418,13.08776156,79.91692055,4.200462759
10419,13.0853763,79.90449437,0.656311713
10426,13.05407698,79.91825219,34.54364019
10427,13.04412095,79.90580428,13.70753209
10433,13.06501398,79.90284044,1.579884086
10437,13.06326446,79.91113833,1.207855104
10441,13.07067138,79.91714362,0.550678667
10442,13.07035138,79.92035917,0.73468881
10506,13.02950608,79.95124383,4.962404585
10514,13.04855019,79.96211653,1.071344632
10515,13.04909714,79.95563632,3.618116767
10686,13.09689064,79.95339852,3.717036987
10687,13.09352135,79.95147744,3.097211625
10688,13.09429138,79.94840582,3.4618766
10689,13.0944371,79.94600678,1.316716355
10690,13.08426481,79.94966787,12.75734062
10695,13.08730683,79.94720746,4.606269101
10696,13.07562981,79.96920447,1.434191158
10697,13.07881909,79.96919813,7.069143095
10703,13.08714575,79.93562427,5.207840187
10711,13.06551562,79.94951027,30.81724329
10712,13.06628557,79.93597625,6.228595232
10784,13.07646816,79.89317365,22.75056773
10790,13.05073361,79.93193608,5.566797105
10796,13.03769543,79.9201586,9.941247113
10797,13.04121759,79.92790865,18.20859317
10798,13.03802333,79.93431077,1.815384102
10799,13.0341209,79.94466679,14.74308694
10800,13.00565436,79.93925274,0.710134298
10801,13.0041375,79.90947217,5.888385448
10802,13.00855886,79.90503072,3.672928613
10803,13.01176151,79.92674585,19.94302059
10804,13.00723439,79.93522777,11.66457142
10805,13.03674222,79.98219618,27.74462979
10806,13.03895145,79.98085145,2.860656183
10807,13.04098576,79.98098915,1.462196613
10808,13.04278813,79.9822489,0.639120952
10809,13.04498623,79.95854285,11.66127431
10810,13.04213683,79.95811518,0.56898947
10811,13.04492583,79.9817489,0.559825696
10812,13.04589566,79.98342028,0.210509236
10972,13.00662262,79.90022743,0.634261845
10979,13.0204171,79.89307398,8.343959376
10983,13.02730185,79.8946911,1.484054308
10985,13.07047618,79.91945848,0.891379746
11004,12.99659949,79.85980036,32.22798996
11005,13.00323034,79.86361163,1.43118043
11006,13.00287788,79.86920908,6.902895101
11007,13.03687359,79.85958263,30.21339654
11074,13.05904286,79.87825059,0.20195369
11077,13.08387655,79.89315142,0.443154557
11230,13.00761786,79.84960102,32.6957581
11232,13.03361126,79.8539978,0.634714274
11233,13.0313147,79.85561779,1.211221372
11234,13.02894344,79.85433976,0.646741653
11235,13.02924092,79.85692533,1.278304662
11236,13.02689682,79.8545605,1.590121091
11239,13.03179675,79.86256933,0.846913612
11242,13.04580706,79.86204634,30.23966575
11243,13.03069287,79.87252685,44.53560283
11244,13.03377946,79.87991086,4.677371119
11245,13.03482799,79.88353626,0.734305355
11246,13.03267711,79.87709755,0.865299468
11247,13.00172935,79.85469842,1.904578084
11248,13.00043242,79.85531271,0.178742904
11249,13.01664256,79.88925216,2.027750894
11250,13.0181389,79.87981075,0.336206952
11251,13.01728569,79.87468523,9.57414134
11254,12.99949032,79.85316527,0.503917114
11259,12.99943906,79.86848689,0.279509325
11260,12.99864914,79.871441,0.554617063
11261,13.02844606,79.88603638,4.792652273
11262,13.03871445,79.89014627,12.28692409
11265,13.00306397,79.94188147,0.638346079
11317,13.08022231,79.88674495,2.100031516
11322,13.01384313,79.86179233,112.6462491
11323,13.01294654,79.87604302,8.377929732
11324,13.01218141,79.88405279,14.43777397
11325,13.00200254,79.88038646,17.0290092
11326,13.00538703,79.88375018,4.701987951
11327,13.0023117,79.88763111,4.540704501
11328,13.00839203,79.87753523,1.634368559
11329,13.01056219,79.87813057,0.804857875
11360,13.07623745,79.88223141,0.966844875
11363,13.04847591,79.86259289,1.238589799
11402,13.00758104,79.84761053,0.815180587
11420,13.06191328,79.88732959,0.575682755
11474,13.04203403,79.88287627,2.904393538
11475,13.02722978,79.87899764,0.150498091
11476,13.04629148,79.88747401,16.59241444
11477,13.05073056,79.89480887,0.598907449
11484,13.04682287,79.89029517,3.739631381
11485,13.04689804,79.8943298,0.634004364
11486,13.05167439,79.89325323,0.513721577
11487,13.05254816,79.89579903,1.485129
11510,13.00101781,79.84806369,5.776092
11522,13.05482299,79.86376564,1.933747013
11523,13.05209761,79.87121289,1.603650264
11524,13.05262238,79.87388183,0.737865769
11525,13.05804493,79.87084265,14.20313491
11526,13.06963024,79.88338985,15.44957203
11527,13.06788421,79.87737022,2.338170255
11530,13.06822232,79.89294863,1.286261785
11533,13.04201955,79.94424032,4.116267436
12383,13.03677215,80.03819173,0.531936439
12512,13.05540564,80.05257785,0.269635844
12523,13.04682959,80.08817816,0.218779567
12530,13.03152591,80.05723042,1.130784616
12531,13.02898191,80.0562057,0.47518269
12532,13.03005483,80.05690103,0.442662309
12533,13.03123758,80.07459022,0.421901041
12534,13.02711733,80.0746092,0.179310372
12535,13.0301817,80.08066894,1.256041016
12536,13.04701773,80.09758632,0.154539211
12537,13.04785872,80.09909236,0.297472578
12538,13.04979617,80.10139536,1.90464878
12541,13.0379685,80.15420638,0.530683364
12576,13.03941986,80.104902,0.391818837
12827,13.04257746,80.03398372,0.215299137
12837,13.02573259,80.07941579,0.247400676
13092,13.08108965,80.02044638,0.892585754
13109,13.07619608,80.023418,0.645361384
13444,13.07001954,80.01932053,0.178086671
13445,13.06848797,80.02112229,0.46966579
13449,13.08380313,80.00742515,0.364300664
13469,13.041647,80.01920636,0.156146438
13470,13.04759752,80.01913851,0.226359723
13471,13.04808114,80.02092792,0.261561274
13472,13.04792106,80.02399468,0.33940026
15725,13.0233681,80.14272311,6.890938371
15823,12.88500223,80.07444582,1.86455953
15826,12.90192343,80.07018369,0.92140146
15828,12.91350599,80.07222255,2.35719549
15916,13.04347456,80.08512299,0.152803484
103964,13.04498506,80.19693759,2.208058335
103965,13.05307336,80.2149365,0.274049368
103966,13.07275127,80.2042362,1.570656998
103967,13.0854878,80.20737796,1.02270331
103968,13.10567891,80.22923382,3.657470704
103969,13.09745314,80.2260951,0.324977328
103970,13.10545009,80.23856048,0.705389479
103971,13.10340656,80.21564703,13.06503647
103972,13.10638949,80.20618223,0.75987192
103973,13.10723427,80.20772398,0.265520295
103975,13.09736859,80.18003588,14.39976233
103977,13.11370918,80.21755073,1.281818006
103979,13.04397008,80.18763728,0.966041789
103986,13.11169821,80.22632113,0.805486687
103987,13.1136477,80.20179578,0.157010404
103997,13.03319199,80.27086864,2.735614326
103998,13.03049085,80.27012446,0.740368657
103999,13.0546598,80.27666166,0.430016354
104000,13.06691881,80.28403286,0.375110812
104001,13.05899602,80.28292447,0.530744126
104005,13.01799265,80.2687879,0.832658856
104006,13.01740487,80.26657935,0.541076465
104013,13.08573182,80.2540762,0.423629171
104014,13.08076757,80.25857603,0.499378183
104026,13.12395669,80.27728089,0.899100377
104027,13.12539426,80.27713812,1.420322873
104030,13.11390818,80.27846408,4.592539488
104033,13.12810616,80.28411509,0.313798379
104034,13.11954151,80.28145468,0.795833705
104035,13.11967876,80.25193689,2.830806995
104036,13.11731901,80.26257533,0.244140022
104037,13.11545746,80.26257291,0.269568451
104038,13.11571288,80.26082414,0.151079061
104041,12.98156784,80.23478394,9.587139281
104043,12.99849112,80.23642259,19.20138032
104044,12.98521839,80.24051468,0.288730985
104047,12.99542373,80.21523502,22.43502772
104058,13.07644378,80.23892788,3.784793387
106661,13.00692404,80.18742031,1.929702531
107864,12.99037256,80.20275717,1.967649973
107881,12.96586576,80.2404547,11.40919827
107882,12.96757889,80.23637964,0.212145766
107885,12.96540768,80.18780286,18.23748612
107886,12.96806366,80.20048178,7.236234203
108042,12.97938354,80.2446003,7.213698208
108531,12.96253533,80.24498676,0.423438355
108532,12.96471359,80.24764415,0.808266668
108688,12.97896566,80.24857287,0.486194911
111070,13.03910782,80.17318687,1.638469751
111072,13.0445555,80.17945712,0.817275081
115550,13.1337927,80.23955205,0.79129884
122289,12.9945167,80.19290937,4.710353453
